input_255,normalized
0,253.06818551986086
13,252.26757897754297
22,254.0600874306972
32,249.51913116559064
41,255.0
51,243.78906529939474
61,232.8971516616393
70,223.2870391483651
80,152.8053233697954
255,0.0
